id,name,age,profession,city,salary
140,Michele Gibbs,55,teacher,Lake Jenniferfort,7179
141,Michele Long,39,police,Port Joy,10820
142,Jordan Moore,58,doctor,Stevenchester,8115
143,Valerie Davis,50,musician,Lake Derrick,10770
144,Jessica Chambers,45,journalist,Robinmouth,2819
145,William Smith,68,singer,Barrton,6062
146,Patricia Davis,19,journalist,East Meaganchester,6692
147,Ashley Malone,67,musician,Simmonsfort,6777
148,Ashlee Larsen,38,singer,South Mary,11918
149,Christina Brown,45,singer,West David,6777
150,Nicole Jenkins,25,designer,Hillview,11165
151,Christian Johnson,38,singer,South Sarah,1045
152,Francis Riley,29,singer,Sethmouth,4002
153,Cindy Rubio,47,singer,Paulaton,8152
154,Jacob Gonzales,55,designer,Danielleburgh,8121
155,Jodi Griffin,26,doctor,East Sandra,4542
156,Jessica Wise,18,lawyer,North David,4073
157,Edward Wells,58,ml engineer,Carlosfurt,9161
158,Anthony Page,69,doctor,Robertville,6850
159,Martha Garner,39,lawyer,West Heidihaven,9442
